t,H,observed_EL,theory_EL
0.0,512,122.95842438907246,122.9568
0.015,512,122.66140235267495,122.6596600720463
0.03,512,122.3477894197898,122.34591997296148
0.045,512,122.0167671316666,122.01476046054
0.06,512,121.66748943964643,121.66533463493421
0.075,512,121.29908333432542,121.29676856240164
0.09,512,120.91064971160506,120.90816213563446
0.105,512,120.50126450017487,120.49859019522596
0.12,512,120.06998007568552,120.06710393754828
0.135,512,119.61582698731735,119.61273263477028
0.15,512,119.13781602256577,119.1344856928698
0.16499999999999998,512,118.63494063578807,118.63135507322822
0.18,512,118.10617976531302,118.10231810266379
0.195,512,117.55050106263354,117.54634069549299
0.21,512,116.96686455530958,116.9623810093305
0.22499999999999998,512,116.35422676262692,116.34939355377459
0.24,512,115.71154527972189,115.70633376780663
0.255,512,115.0377838417237,115.03216307759561
0.27,512,114.3319178744356,114.32585444138952
0.285,512,113.59294053213114,113.5863983822533
0.3,512,112.81986921616425,112.81280950255935
0.315,512,112.01175256028318,112.00413346635413
0.32999999999999996,512,111.16767785983026,111.15945442704168
0.345,512,110.28677891246662,110.27790286831458
0.36,512,109.36824422778412,109.35866381602841
0.375,512,108.41132555230027,108.40098536792446
0.39,512,107.41534664505768,107.40418747700748
0.40499999999999997,512,106.37971222760324,106.36767091338463
0.42,512,105.30391702077152,105.29092631922737
0.435,512,104.18755476976025,104.17354326384653
0.44999999999999996,512,103.0303271488082,103.01521889240234
0.46499999999999997,512,101.83205242774542,101.81576739554158
0.48,512,100.59267377517105,100.57512742405446
0.495,512,99.31226706741609,99.29337044426293
0.51,512,97.99104806914966,97.97070785045943
0.525,512,96.62937885082613,96.60749742941545
0.54,512,95.22777331044854,95.20424893486037
0.5549999999999999,512,93.78690167255986,93.76162864483237
0.57,512,92.30759384610712,92.2804627834202
0.585,512,90.79084153488601,90.76173970033821
0.6,512,89.23779900958218,89.20661071693414
0.615,512,87.64978246877193,87.61638956540594
0.63,512,86.02826793729992,85.99255036887851
0.645,512,84.37488767375832,84.3367241331085
0.6599999999999999,512,82.69142508379073,82.65069374539263
0.6749999999999999,512,80.97980816197712,80.93638750209668
0.69,512,79.24210151140252,79.19587121238628
0.705,512,77.48049701590492,77.43133895146954
0.72,512,75.69730326466875,75.64510256118947
0.735,512,73.89493385152963,73.83958001839466
0.75,512,72.07589469139924,72.0172828114901
0.765,512,70.2427705130054,70.1808024823342
0.78,512,68.39821070019057,68.33279650372623
0.7949999999999999,512,66.54491466297671,66.47597367178294
0.8099999999999999,512,64.68561692428791,64.61307919733696
0.825,512,62.82307210858595,62.74687968106666
0.84,512,60.96004001483021,60.88014815349746
0.855,512,59.09927094837741,59.01564935355293
0.87,512,57.24349147507316,57.156125408355635
0.885,512,55.39539074634307,55.30428206296456
0.8999999999999999,512,53.55760752713364,53.4627755922441
0.9149999999999999,512,51.73271803970052,51.634200508695
0.9299999999999999,512,49.923224716136545,49.82107816047342
0.945,512,48.1315459318113,48.02584629359437
0.96,512,46.360006771168514,46.250849632066306
0.975,512,44.61083085715795,44.498331509971536
0.99,512,42.88613325646127,42.7704265707751
1.005,512,41.187914455023844,41.06915453181942
1.02,512,39.518055382561386,39.39641499635708
1.035,512,37.878313450917716,37.7539832818328
1.05,512,36.270319559567255,36.14350722158804
1.065,512,34.69557601226047,34.56650488781037
1.08,512,33.155455281804734,33.02436317637323
1.095,512,31.65119955518979,31.51833718915546
1.1099999999999999,512,30.183920988586312,30.04955034636805
1.125,512,28.754602600995973,28.618995160199844
1.14,512,27.364099736308717,27.22753460152326
1.155,512,26.013142025993833,25.875903993266817
1.17,512,24.702335788369258,24.564713367140257
1.185,512,23.43216680510084,23.294450224447047
1.2,512,22.203003421023745,22.06548264651967
1.2149999999999999,512,21.01509991930174,20.87806270562767
1.23,512,19.868600130108433,19.732330132831663
1.2449999999999999,512,18.76354123720636,18.628316204980038
1.26,512,17.699857752814648,17.565947818691342
1.275,512,16.67738563681643,16.545051724562995
1.29,512,15.695866541512586,15.56535889985524
1.305,512,14.754952167653961,14.626509042391575
1.3199999999999998,512,13.854208721285206,13.728055172291533
1.335,512,12.993121463942375,12.869468331333039
1.3499999999999999,512,12.171099350925093,12.050142372171095
1.365,512,11.387479753702287,11.269398831287688
1.38,512,10.64153326302435,10.526491880414454
1.395,512,9.932468569047174,9.820613351264129
1.41,512,9.259437413789332,9.150897827780028
1.425,512,8.621539609631466,8.516427798832012
1.44,512,8.017828115430799,7.916238862433147
1.4549999999999998,512,7.447314159285968,7.3493249702445524
1.47,512,6.908972394179229,6.8146436984882826
1.4849999999999999,512,6.401746069785367,6.3111215285494495
1.5,512,5.924552200811047,5.837659117654084
1.515,512,5.476286709456156,5.393136537215398
1.53,512,5.055829517103252,4.976418453885884
1.545,512,4.662049558265085,4.5863592261807895
1.56,512,4.29380968825912,4.221807887861871
1.575,512,3.9499714551181215,3.881612988202704
1.5899999999999999,512,3.62939970594954,3.5646272588628136
1.605,512,3.3309669983604833,3.2697120774400474
1.6199999999999999,512,3.0535577886789858,2.9957416988583105
1.635,512,2.79607237050836,2.741607227574619
1.65,512,2.557430539606271,2.506220306112681
1.665,512,2.3365749641155826,2.2885164985820836
1.68,512,2.1324742427025303,2.087458351522855
1.6949999999999998,512,1.9441256370741695,1.9020381185226114
1.71,512,1.7705574695358344,1.7312801394504191
1.7249999999999999,512,1.6108311805877418,1.574242869707163
1.74,512,1.464043045924643,1.4300205594768443
1.755,512,1.329325556474248,1.2977445874337121
1.77,512,1.2058484691780154,1.1765844576071345
1.785,512,1.09281953998399,1.0657484720160113
1.7999999999999998,512,0.9894849539030145,0.9644840951722671
1.815,512,0.8951294699121346,0.8720780295477368
1.8299999999999998,512,0.8090763009269095,0.7878560235565573
1.845,512,0.7306867509806907,0.7111824355015415
1.8599999999999999,512,0.6593596331360734,0.6414595782601396
1.875,512,0.5945304925202441,0.5781268702589983
1.89,512,0.5356706592460869,0.5206598185404943
1.905,512,0.48228615589088963,0.4685688594945816
1.92,512,0.4339164837008077,0.4213980821778591
1.9349999999999998,512,0.3901333108250791,0.37872385811850506
1.95,512,0.3505390847169886,0.3401534001877593
1.9649999999999999,512,0.31476558942804844,0.3053232715536893
1.98,512,0.28247246692668804,0.2738978640039704
1.9949999999999999,512,0.2533457198491419,0.2455678630691125
2.01,512,0.22709621129082205,0.22004871547345317
2.025,512,0.20345817541827105,0.1970791125158371
2.04,512,0.1821877508665023,0.17641950109307913
2.0549999999999997,512,0.16306154711906362,0.1578506322525044
2.07,512,0.14587525237735538,0.14117215542684391
2.085,512,0.13044228983402453,0.1262012648847417
2.1,512,0.11659252778924246,0.11277140344191139
2.1149999999999998,512,0.10417104769948457,0.1007310271218671
2.13,512,0.09303697303244333,0.08994243325091134
2.145,512,0.08306236072114417,0.08028065340050716
2.16,512,0.07413115606382917,0.07163241166881562
2.175,512,0.06613821109969217,0.06389514799612073
2.19,512,0.058988365797732895,0.05697610554898347
2.205,512,0.05259559081890633,0.05079148065428285
2.2199999999999998,512,0.046882190141354196,0.04526563332808564
2.235,512,0.04177806146506032,0.040330356097925346
2.25,512,0.037220012025798804,0.03592419855930018
2.265,512,0.033151127238706994,0.03199184492495988
2.28,512,0.029520189449523334,0.028483541708823168
2.295,512,0.026281143987150084,0.025354572624422644
2.31,512,0.023392609676038255,0.022564777763719235
2.3249999999999997,512,0.020817430972916124,0.020078114148418535
2.34,512,0.018522268932248006,0.017862254799382526
2.355,512,0.016477228271942097,0.015888223555478476
2.37,512,0.01465551789941284,0.014130062969798018
2.385,512,0.013033142362982347,0.012564532730934275
2.4,512,0.011588621810375808,0.011170836180085075
2.415,512,0.010302738160914164,0.009930372627181328
2.4299999999999997,512,0.009158305327727823,0.008826513307354844
2.445,512,0.008139961458224708,0.007844398951647236
2.46,512,0.007233981292962915,0.00697075708740158
2.475,512,0.0064281068732055975,0.006193737309075686
2.4899999999999998,512,0.005711394954385059,0.005502762898373703
2.505,512,0.005074079605391305,0.004888397287942325
2.52,512,0.004507448591210994,0.004342223987634952
2.5349999999999997,512,0.004003732248419071,0.003856738702182838
2.55,512,0.0035560036689773005,0.0034252524746989366
2.565,512,0.003158089107519951,0.0030418047910103496
2.58,512,0.002804487620721065,0.0027010856735643074
2.5949999999999998,512,0.002490299034470095,0.002398365876629782
2.61,512,0.0022111594155422923,0.002129434379696704
2.625,512,0.001963183299416516,0.0018905424455226694
2.6399999999999997,512,0.0017429119950956944,0.0016783535805870997
2.655,512,0.0015472673514724158,0.0014898987974021338
2.67,512,0.0013735104282600582,0.0013225366341913514
2.685,512,0.001219204568055594,0.0011739174442340072
2.6999999999999997,512,0.001082182415039403,0.0010419515093929022
2.715,512,0.0009605164704456044,0.0009247805811725129
2.73,512,0.0008524928155599705,0.0008207524894316975
2.745,512,0.0007565876699217725,0.0007283984963208923
2.76,512,0.0006714464858976674,0.00064641310446234
2.775,512,0.0005958653111398549,0.0005736360601389379
2.79,512,0.0005287741778916613,0.0005090363160320521
2.8049999999999997,512,0.00046922230290797446,0.00045169774537612284
2.82,512,0.0004163649041422226,0.0004008064186677984
2.835,512,0.00036945146053185226,0.0003556392747299242
2.85,512,0.00032781525938712264,0.00031555403668903637
2.8649999999999998,512,0.0002908640922389123,0.0002799802362005721
2.88,512,0.00025807197469841016,0.00024841122743168853
2.895,512,0.00022897177908284282,0.0002203970818044354
2.9099999999999997,512,0.00020314868040795359,0.00019553826882656722
2.925,512,0.00018023432697318847,0.00017348003457584582
2.94,512,0.0001599016562868079,0.00015390740503562483
2.955,512,0.00014186028560650164,0.00013654074210478484
2.9699999999999998,512,0.00012585241400396298,0.00012113179423067777
2.985,512,0.00011164917969150472,0.00010746018539009583
3.0,512,9.904742245368494e-05,9.533029530928161e-05
0.0,256,125.47720914888805,125.4656
0.015,256,125.3261369488028,125.31382996872689
0.03,256,125.16632790200208,125.15328242209505
0.045,256,124.99731445095952,124.98348759041573
0.06,256,124.8186085711908,124.80395513617661
0.075,256,124.62970143263092,124.6141738132604
0.09,256,124.43006313191195,124.413611197358
0.105,256,124.21914250721929,124.20171349930965
0.12,256,123.99636704837073,123.97790547408037
0.135,256,123.7611429157273,123.74159043904493
0.15,256,123.51285508248847,123.49215041620835
0.16499999999999998,256,123.25086761582878,123.22894641389694
0.18,256,122.97452411317107,122.95131886429866
0.195,256,122.68314831063554,122.6585882339814
0.21,256,122.37604488132249,122.35005582514034
0.22499999999999998,256,122.05250044154005,122.02500478578386
0.24,256,121.71178478333968,121.68270134732109
0.255,256,121.35315235172231,121.32239630801766
0.27,256,120.97584398458382,120.94332678049132
0.285,256,120.57908893282558,120.54471822077545
0.3,256,120.16210717701377,120.1257867554331
0.315,256,119.72411205547715,119.68574182170423
0.32999999999999996,256,119.2643132167361,119.22378913366273
0.345,256,118.78191990660645,118.73913398479898
0.36,256,118.27614459718004,118.23098489428584
0.375,256,117.74620696111296,117.69855760039565
0.39,256,117.19133819023253,117.14107940009163
0.40499999999999997,256,116.61078565239339,116.55779382870975
0.42,256,116.0038178747844,115.9479656678874
0.435,256,115.36972983554062,115.31088626351985
0.44999999999999996,256,114.7078485386038,114.64587912776979
0.46499999999999997,256,114.01753883938423,113.95230579605854
0.48,256,113.29820948101786,113.22957189135103
0.495,256,112.54931929302917,112.47713335551559
0.51,256,111.77038349617506,111.6945027858043
0.525,256,110.9609800493642,110.88125581390025
0.54,256,110.12075596704787,110.03703745521247
0.5549999999999999,256,109.24943352861726,109.16156834949761
0.57,256,108.34681629538625,108.25465080788692
0.585,256,107.41279484596241,107.31617457660658
0.6,256,106.44735213748615,106.34612222434211
0.615,256,105.45056839860331,105.34457405859033
0.63,256,104.42262546036102,104.3117124766892
0.645,256,103.36381043366643,103.24782565970855
0.6599999999999999,256,102.27451864665706,102.15331052215431
0.6749999999999999,256,101.15525576236621,101.02867483755703
0.69,256,100.0066390064199,99.87453846946731
0.705,256,98.82939744607737,98.69163364907357
0.72,256,97.62437127554875,97.48080425441013
0.735,256,96.3925100779231,96.24300406165959
0.75,256,95.13487005086937,94.97929395602605
0.765,256,93.85261020111507,93.69083810763499
0.78,256,92.54698753108096,92.37889913641615
0.7949999999999999,256,91.2193512594416,91.04483230842936
0.8099999999999999,256,89.87113613525253,89.69007882404973
0.825,256,88.50385492210226,88.31615827530416
0.84,256,87.11909014400678,86.92466036493582
0.855,256,85.71848519800807,85.5172359930036
0.87,256,84.30373494927919,84.09558782761789
0.885,256,82.87657593267565,82.66146048446717
0.8999999999999999,256,81.43877628990468,81.21663044490612
0.9149999999999999,256,79.9921255737117,79.76289584446386
0.9299999999999999,256,78.53842454971881,78.30206626270623
0.945,256,77.07947512290784,76.83595264157127
0.96,256,75.61707050942799,75.36635745281225
0.975,256,74.15298576571969,73.89506522632468
0.99,256,72.68896877623597,72.42383354026688
1.005,256,71.22673178871877,70.9543845614221
1.02,256,69.76794357248042,69.48839721062751
1.035,256,68.31422226089167,68.02750001375597
1.05,256,66.8671289247201,66.57326468411347
1.065,256,65.42816190850175,65.12720046761402
1.08,256,63.998751948127875,63.69074926807468
1.095,256,62.58025807461101,62.26528155675845
1.1099999999999999,256,61.17396429681108,60.85209305812843
1.125,256,59.78107704496047,59.45240219287389
1.14,256,58.40272334725993,58.06734824975045
1.155,256,57.03994970370553,56.697990249735355
1.17,256,55.693721614677806,55.34530645945472
1.185,256,54.36492371665245,54.01019450577262
1.2,256,53.05436047361765,52.69347203978839
1.2149999999999999,256,51.76275737031137,51.39587789616887
1.23,256,50.49076255210606,50.118073692639484
1.2449999999999999,256,49.23894885613747,48.86064581443226
1.26,256,48.007816178959885,47.62410772940353
1.275,256,46.79779412747337,46.40890258124149
1.29,256,45.60924490197593,45.21540601053633
1.305,256,44.442466362818955,44.043929156352235
1.3199999999999998,256,43.29769523517513,42.894721794181294
1.335,256,42.17511040976176,41.76797556966545
1.3499999999999999,256,41.07483630091165,40.66382729112944
1.365,256,39.99694622707098,39.58236224768912
1.38,256,38.94146578256315,38.523617523404354
1.395,256,37.90837617323183,37.48758528156631
1.41,256,36.89761749231461,36.47421599669926
1.425,256,35.90909191655443,35.48342161516776
1.44,256,34.94266680608814,34.515078628390214
1.4549999999999998,256,33.99817769501879,33.5690310455404
1.47,256,33.07543116274519,32.64509325526399
1.4849999999999999,256,32.17420757905289,31.743052768337975
1.5,256,31.294263718633175,30.862672835359007
1.515,256,30.435335243065996,30.003694935466513
1.53,256,29.59713905035468,29.165841133798565
1.545,256,28.77937549382236,28.348816306851077
1.56,256,27.98173047356484,27.552310236179366
1.575,256,27.203877404704777,26.775999571961947
1.5899999999999999,256,26.44547906741886,26.01954966885009
1.605,256,25.706189344133694,25.28261629727359
1.6199999999999999,256,24.985654849436145,24.56484723397783
1.635,256,24.283516458155503,23.865883736041624
1.65,256,23.599410736788656,23.185361902988035
1.665,256,22.93297128300042,22.52291393186499
1.68,256,22.283829977384215,21.878169270346362
1.6949999999999998,256,21.65161815105774,21.25075567300803
1.71,256,21.035967672036925,20.64030016596928
1.7249999999999999,256,20.436511952714817,20.04642992507536
1.74,256,19.85288688020359,19.468773072733924
1.755,256,19.284731670801015,18.906959398420767
1.77,256,18.731689649436447,18.360621007741614
1.785,256,18.193408954647758,17.82939290478332
1.7999999999999998,256,17.66954316944393,17.312913512319668
1.815,256,17.159751878319447,16.81082513425011
1.8299999999999998,256,16.6637011507016,16.322774364457374
1.845,256,16.181063951222278,15.848412446070995
1.8599999999999999,256,15.711520477402676,15.387395584919574
1.875,256,15.25475842561046,14.939385220751703
1.89,256,14.810473186482827,14.504048259604858
1.905,256,14.378367971393008,14.081057270501148
1.92,256,13.958153871960388,13.6700906494559
1.9349999999999998,256,13.549549855054273,13.270832753596054
1.95,256,13.152282696207145,12.88297400800353
1.9649999999999999,256,12.766086854825478,12.506210987723406
1.98,256,12.390704295054803,12.14024647720936
1.9949999999999999,256,12.025884256611828,11.784789509318728
2.01,256,11.671382980331884,11.43955538581882
2.025,256,11.326963393586633,11.104265681219601
2.04,256,10.992394761097499,10.778648231615847
2.0549999999999997,256,10.667452306997829,10.462437110089326
2.07,256,10.35191681427458,10.155372590104946
2.085,256,10.045574207941893,9.857201098218724
2.1,256,9.748215128458071,9.567675157312294
2.1149999999999998,256,9.459634501987,9.286553321466329
2.13,256,9.179631114119065,9.013600103497367
2.145,256,8.908007193596701,8.74858589609174
2.16,256,8.644568012429598,8.491286887394438
2.175,256,8.389121508525989,8.241484971833486
2.19,256,8.141477936603035,7.998967656893285
2.205,256,7.9014495526653805,7.7635279664855545
2.2199999999999998,256,7.668850336752733,7.53496434150793
2.235,256,7.443495757954857,7.313080538125959
2.25,256,7.225202584878774,7.097685524262019
2.265,256,7.013788743837329,6.888593374732039
2.28,256,6.8090732260245765,6.685623165423053
2.295,256,6.610876043872212,6.488598866869978
2.31,256,6.419018235668591,6.297349237551046
2.3249999999999997,256,6.233321916399525,6.111707717188111
2.34,256,6.053610371674008,5.931512320309849
2.355,256,5.879708190567108,5.756605530304768
2.37,256,5.711441432286271,5.586834194168347
2.385,256,5.54863782078462,5.422049418122654
2.4,256,5.391126960840525,5.2621064642680295
2.415,256,5.238740568725764,5.106864648404368
2.4299999999999997,256,5.0913127104162035,4.9561872391438015
2.445,256,4.94868004037084,4.809941358419252
2.46,256,4.810682034218205,4.667997883479302
2.475,256,4.6771612092333985,4.530231350445675
2.4899999999999998,256,4.547963327243052,4.396519859498213
2.505,256,4.42293757552787,4.2667449817416525
2.52,256,4.30193672236257,4.140791667796236
2.5349999999999997,256,4.184817244993957,4.018548158149528
2.55,256,4.07143942905766,3.899905895293429
2.565,256,3.9616674396193168,3.7847594376675033
2.58,256,3.8553693651441536,3.67300637542111
2.5949999999999998,256,3.7524172367009903,3.5645472480012472
2.61,256,3.65268702554993,3.4592854635677526
2.625,256,3.556058622912802,3.3571272202329396
2.6399999999999997,256,3.46241580615692,3.257981429119127
2.655,256,3.3716461958219854,3.1617596392229643
2.67,256,3.283641207884426,3.068375964071592
2.685,256,3.198296005391423,2.977747010155653
2.6999999999999997,256,3.115509453127464,2.889791807118087
2.715,256,3.035184078327318,2.8044317396779945
2.73,256,2.9572260396566588,2.7215904812652667
2.745,256,2.88154510578637,2.641193929341952
2.76,256,2.8080546439336094,2.563170142382475
2.775,256,2.736671617778339,2.4874492784867783
2.79,256,2.667316593233659,2.4139635355950873
2.8049999999999997,256,2.5999137496950593,2.342647093277904
2.82,256,2.534390893656223,2.273436056068576
2.835,256,2.470679470990553,2.2062683983091063
2.85,256,2.408714573784362,2.1410839104780592
2.8649999999999998,256,2.3484349373887543,2.0778241469689362
2.88,256,2.2897829233433695,2.0164323752881614
2.895,256,2.232704484019288,1.9568535266410407
2.9099999999999997,256,2.1771491052249665,1.8990341478742607
2.925,256,2.123069723604929,1.842922354743564
2.94,256,2.0704226164152777,1.7884677864762324
2.955,256,2.0191672621554217,1.7356215615963748
2.9699999999999998,256,1.9692661715382256,1.684336234983249
2.985,256,1.9206846893525915,1.6345657561326163
3.0,256,1.8733907688710858,1.586265428589897
0.0,128,126.74420366075194,126.7296
0.015,128,126.66838663337123,126.65290794552415
0.03,128,126.58810916938285,126.57170480138988
0.045,128,126.50312327481365,126.48573985996963
0.06,128,126.41316893686232,126.39475027624613
0.075,128,126.31797376051134,126.29846070261462
0.09,128,126.21725262328034,126.19658294228375
0.105,128,126.11070735304824,126.08881562628011
0.12,128,125.99802643443144,125.97484391962915
0.135,128,125.87888474979852,125.8543392628858
0.15,128,125.75294336162332,125.72695915581721
0.16499999999999998,128,125.61984934352407,125.59234699069431
0.18,128,125.47923566800162,125.45013194332194
0.195,128,125.33072115956632,125.29992893062122
0.21,128,125.17391052262052,125.14133864426408
0.22499999999999998,128,125.00839445413382,124.97394767053513
0.24,128,124.83374985179222,124.79732870724797
0.255,128,124.64954012890819,124.61104088915374
0.27,128,124.45531564792492,124.41463023382947
0.285,128,124.25061428481264,124.20763022050184
0.3,128,124.03496213701362,123.98956251462074
0.315,128,123.80787438781687,123.7599378512201
0.32999999999999996,128,123.5688563401032,123.51825709015844
0.345,128,123.31740463226207,123.26401245618592
0.36,128,123.05300864870995,122.99668897640123
0.375,128,122.77515213679682,122.71576612700463
0.39,128,122.48331504093662,122.420719700284
0.40499999999999997,128,122.17697556350215,122.1110239014516
0.42,128,121.85561246034817,121.78615368324468
0.435,128,121.51870757673754,121.44558732408085
0.44999999999999996,128,121.16574862691678,121.088809252987
0.46499999999999997,128,120.79623221759924,120.71531312151586
0.48,128,120.40966711215543,120.32460511928706
0.495,128,120.00557772838448,119.91620752591068
0.51,128,119.58350785836068,119.48966248751933
0.525,128,119.14302459405016,119.04453600132828
0.54,128,118.68372243722516,118.58042208638308
0.5549999999999999,128,118.20522756673748,118.09694711312885
0.57,128,117.70720223054686,117.59377425869144
0.585,128,117.1893492241455,117.07060804893611
0.6,128,116.65141641131922,116.52719894259316
0.615,128,116.09320123769604,115.96334790718085
0.63,128,115.51455518243118,115.37891093128309
0.645,128,114.91538808885312,114.77380341315535
0.6599999999999999,128,114.29567231114689,114.14800436182058
0.6749999999999999,128,113.65544661137595,113.50156034399764
0.69,128,112.99481973953357,112.83458910855052
0.705,128,112.31397362904286,112.147282819847
0.72,128,111.61316614134046,111.43991083261466
0.735,128,110.89273329599169,110.71282194369391
0.75,128,110.15309092726606,109.96644606058135
0.765,128,109.3947357142595,109.2012952328485
0.78,128,108.618245539444,108.41796400036431
0.7949999999999999,128,107.82427913984375,107.6171290216406
0.8099999999999999,128,107.0135750257089,106.79954795638393
0.825,128,106.18694965335075,105.96605758824485
0.84,128,105.3452948514254,105.1175711865142
0.855,128,104.48957451307058,104.25507511879525
0.87,128,103.62082057954655,103.37962474010277
0.885,128,102.74012835401248,102.4923395970238
0.8999999999999999,128,101.84865119639939,101.59439799811908
0.9149999999999999,128,100.94759466163684,100.68703101327284
0.9299999999999999,128,100.03821015341094,99.77151597486157
0.945,128,99.12178817387556,98.84916956210598
0.96,128,98.1996512560682,97.92134055655241
0.975,128,97.2731466700294,96.98940236112543
0.99,128,96.34363899569904,96.05474537750958
1.005,128,95.41250265555081,95.11876933673452
1.02,128,94.48111449770015,94.18287567581993
1.035,128,93.55084651601283,93.24846004931575
1.05,128,92.62305878776236,92.31690505875099
1.065,128,91.69909270188607,91.3895732756314
1.08,128,90.78026454216932,90.46780062499167
1.095,128,89.86785948006495,89.55289018693347
1.1099999999999999,128,88.9631260216616,88.64610646338508
1.125,128,88.06727094287581,87.74867014683329
1.14,128,87.1814547365711,86.86175341730666
1.155,128,86.30678758528474,85.98647578371211
1.17,128,85.44432586381885,85.12390047599693
1.185,128,84.59506916733238,84.27503138572466
1.2,128,83.75995785291636,83.44081054468495
1.2149999999999999,128,82.93987107605966,82.62211612421996
1.23,128,82.13562529798602,81.81976093211695
1.2449999999999999,128,81.34797323558794,81.03449137922352
1.26,128,80.57760322258677,80.26698688438046
1.275,128,79.82513894855944,79.51785968380462
1.29,128,79.09113954151405,78.7876550096218
1.305,128,78.37609995966943,78.07685160176473
1.3199999999999998,128,77.68045165887813,77.38586251780902
1.335,128,77.00456350360508,76.71503620640894
1.3499999999999999,128,76.34874289139846,76.06465781169379
1.365,128,75.71323706323629,75.43495067817032
1.38,128,75.09823457486917,74.82607802823128
1.395,128,74.50386690718653,74.23814478716847
1.41,128,73.9302101965957,73.67119953352801
1.425,128,73.37728706931844,73.12523655561444
1.44,128,72.8450685662889,72.60019799786022
1.4549999999999998,128,72.333476147902,72.09597608354056
1.47,128,71.84238377015046,71.61241540285681
1.4849999999999999,128,71.37162002565131,71.14931525767813
1.5,128,70.92097034466295,70.7064320561631
1.515,128,70.49017925240838,70.28348175205194
1.53,128,70.07895267984091,69.88014232459662
1.545,128,69.68696032541575,69.49605629586864
1.56,128,69.31383806548058,69.13083328255854
1.575,128,68.95919041059618,68.7840525793658
1.5899999999999999,128,68.62259300447809,68.45526577070507
1.605,128,68.30359516136002,68.14399936675719
1.6199999999999999,128,68.00172243646756,67.8497574589268
1.635,128,67.71647922301875,67.5720243885854
1.65,128,67.44735136779585,67.31026742164845
1.665,128,67.19380879592723,67.06393942013142
1.68,128,66.95530813414312,66.8324815004205
1.6949999999999998,128,66.73129532049097,66.61532566666094
1.71,128,66.52120818737102,66.41189740647874
1.7249999999999999,128,66.32447900384021,66.22161823527303
1.74,128,66.14053696247456,66.043908174611
1.755,128,65.96881059571794,65.87818814986699
1.77,128,65.80873010660463,65.72388229220377
1.785,128,65.6597295990387,65.58042013032593
1.7999999999999998,128,65.52124919345039,65.44723865813198
1.815,128,65.39273701461673,65.32378426545463
1.8299999999999998,128,65.27365103971154,65.20951452047306
1.845,128,65.16346079620541,65.10389979406861
1.8599999999999999,128,65.06164890102642,65.00642471832776
1.875,128,64.96771243436987,64.91658947350993
1.89,128,64.88116414365109,64.83391090003127
1.905,128,64.80153347527252,64.75792343429745
1.92,128,64.72836743406499,64.68817986948385
1.9349999999999998,128,64.66123127240199,64.62425194454883
1.95,128,64.59970901302384,64.56573076681057
1.9649999999999999,128,64.54340381149456,64.51222707527856
1.98,128,64.49193816590693,64.46337135356343
1.9949999999999999,128,64.44495398291997,64.41881380256251
2.01,128,64.40211251043027,64.37822418422013
2.025,128,64.36309414813692,64.34129154847587
2.04,128,64.32759814794687,64.30772385605208
2.0549999999999997,128,64.2953422165956,64.27724750999356
2.07,128,64.2660620330326,64.24960680888694
2.085,128,64.23951069306383,64.22456333446917
2.1,128,64.21545809347764,64.20189528592002
2.1149999999999998,128,64.19369026743132,64.18139677254688
2.13,128,64.17400868227514,64.1628770758492
2.145,128,64.15622951026619,64.14615989112323
2.16,128,64.14018288180853,64.13108255786707
2.175,128,64.12571212997597,64.11749528730199
2.19,128,64.11267303415669,64.10526039436132
2.205,128,64.10093306972877,64.09425154053932
2.2199999999999998,128,64.09037066975363,64.08435299305575
2.235,128,64.0808745037777,64.07545890489574
2.25,128,64.0723427779773,64.06747261943835
2.265,128,64.06468256007619,64.06030600260439
2.28,128,64.05780913172137,64.05387880473606
2.295,128,64.05164537032267,64.04811805377497
2.31,128,64.04612116175062,64.04295748073079
2.3249999999999997,128,64.04117284474515,64.03833697792895
2.34,128,64.03674268741368,64.03420209009323
2.355,128,64.03277839578979,64.03050353794853
2.37,128,64.02923265407873,64.02719677372511
2.385,128,64.02606269592914,64.02424156769291
2.4,128,64.02322990583878,64.02160162465778
2.415,128,64.02069944961698,64.01924422919797
2.4299999999999997,128,64.01843993268791,64.0171399183082
2.445,128,64.01642308491577,64.01526218004196
2.46,128,64.01462347056638,64.01358717669723
2.475,128,64.01301822197955,64.01209349107232
2.4899999999999998,128,64.0115867955127,64.0107618943193
2.505,128,64.0103107483215,64.00957513394431
2.52,128,64.00917353456639,64.0085177405372
2.5349999999999997,128,64.00816031966875,64.00757585185933
2.55,128,64.00725781128811,64.00673705297365
2.565,128,64.00645410574522,64.00599023115979
2.58,128,64.00573854867582,64.00532544442433
2.5949999999999998,128,64.00510160876462,64.00473380248124
2.61,128,64.00453476347376,64.00420735914918
2.625,128,64.00403039574852,64.00373901517747
2.6399999999999997,128,64.00358170074844,64.00332243058352
2.655,128,64.0031826017188,64.00295194564836
2.67,128,64.00282767418099,64.0026225097815
2.685,128,64.00251207768233,64.00232961752755
2.6999999999999997,128,64.00223149440473,64.00206925104536
2.715,128,64.00198207398836,64.0018378284447
2.73,128,64.00176038397936,64.00163215741861
2.745,128,64.00156336536035,64.00144939365669
2.76,128,64.00138829267007,64.0012870035711
2.775,128,64.00123273826142,64.00114273090819
2.79,128,64.00109454028774,64.00101456685802
2.8049999999999997,128,64.00097177404524,64.0009007233097
2.82,128,64.00086272633307,64.00079960893407
2.835,128,64.00076587252514,64.00070980780453
2.85,128,64.00067985607684,64.0006300602961
2.8649999999999998,128,64.00060347021594,64.00055924602638
2.88,128,64.00053564159212,64.0004963686269
2.895,128,64.00047541568128,64.0004405421534
2.9099999999999997,128,64.00042194376131,64.00039097896297
2.925,128,64.00037447129404,64.000346978903
2.94,128,64.00033232756533,64.00030791967421
2.955,128,64.0002949164496,64.00027324824102
2.9699999999999998,128,64.00026170817942,64.00024247317928
2.985,128,64.00023223201282,64.00021515785994
3.0,128,64.000206069702,64.00019091437898
